t,b,s,h,l,v
1580005819,8324.99,8325,8420,8282.25,22181.045324
1580005819,8324.99,8325,8420,8282.25,22181.045324
1580005819,8324.99,8325,8420,8282.25,22181.045324
1580005820,8324.99,8325,8420,8282.25,22180.984988
1580005820,8324.99,8325,8420,8282.25,22180.984988
1580005820,8324.98,8325,8420,8282.25,22181.003057
1580005820,8324.95,8325,8420,8282.25,22180.902914
1580005820,8324.93,8325,8420,8282.25,22180.841358
1580005821,8324.89,8325,8420,8282.25,22180.782502
1580005821,8324.87,8325,8420,8282.25,22180.782502
1580005821,8324.86,8325,8420,8282.25,22180.6823
1580005821,8324.85,8325,8420,8282.25,22180.6823
1580005821,8324.89,8325,8420,8282.25,22180.6823
1580005821,8324.95,8325,8420,8282.25,22180.622298
1580005821,8324.99,8325,8420,8282.25,22180.622298
1580005821,8324.99,8325,8420,8282.25,22180.622298
1580005822,8324.99,8325,8420,8282.25,22180.562168
1580005822,8324.99,8325,8420,8282.25,22180.562168
1580005822,8324.99,8325,8420,8282.25,22180.562168
1580005822,8324.99,8325,8420,8282.25,22180.596389
1580005822,8324.99,8325,8420,8282.25,22180.568409
1580005822,8324.99,8325,8420,8282.25,22180.568409
1580005822,8324.99,8325,8420,8282.25,22180.568409
1580005822,8324.99,8325,8420,8282.25,22180.568409
1580005822,8324.99,8325,8420,8282.25,22180.568409
1580005823,8324.99,8325,8420,8282.25,22180.448133
1580005823,8324.99,8325,8420,8282.25,22180.448133
1580005823,8324.99,8325,8420,8282.25,22180.448133
1580005824,8324.99,8325,8420,8282.25,22180.38912
1580005824,8324.99,8325,8420,8282.25,22180.38912
1580005824,8324.99,8325,8420,8282.25,22180.38912
1580005824,8324.99,8325,8420,8282.25,22180.18656
1580005824,8324.99,8325,8420,8282.25,22180.046548
1580005824,8324.99,8325,8420,8282.25,22180.046548
1580005825,8324.99,8325,8420,8282.25,22180.048545
1580005825,8324.99,8325,8420,8282.25,22180.048545
1580005825,8324.99,8325,8420,8282.25,22180.048545
1580005825,8324.99,8325,8420,8282.25,22180.048545
1580005825,8324.99,8325,8420,8282.25,22180.048545
1580005825,8324.99,8325,8420,8282.25,22180.048545
1580005825,8324.99,8325,8420,8282.25,22180.048545
1580005826,8324.96,8325,8420,8282.25,22179.470121
1580005826,8324.95,8325,8420,8282.25,22179.467363
1580005826,8324.94,8325,8420,8282.25,22179.467363
1580005826,8324.93,8325,8420,8282.25,22179.527393
1580005827,8324.99,8325,8420,8282.25,22178.945063
1580005827,8324.99,8325,8420,8282.25,22178.945063
1580005827,8324.99,8325,8420,8282.25,22178.945063
1580005827,8324.99,8325,8420,8282.25,22178.945063
1580005827,8324.99,8325,8420,8282.25,22178.945063
1580005827,8324.99,8325,8420,8282.25,22178.945063
1580005827,8324.99,8325,8420,8282.25,22178.945063
1580005827,8324.99,8325,8420,8282.25,22178.945063
1580005827,8324.99,8325,8420,8282.25,22178.945063
1580005828,8324.99,8325,8420,8282.25,22178.679315
1580005828,8324.99,8325,8420,8282.25,22178.679315
1580005828,8324.96,8325,8420,8282.25,22178.679315
1580005828,8324.95,8325,8420,8282.25,22178.679315
1580005828,8324.96,8325,8420,8282.25,22178.679315
1580005829,8324.99,8325,8420,8282.25,22178.680647
1580005829,8324.99,8325,8420,8282.25,22178.680647
1580005829,8324.99,8325,8420,8282.25,22178.680647
1580005829,8324.99,8325,8420,8282.25,22178.860526
1580005829,8324.14,8325,8420,8282.25,22178.76966
1580005829,8324.2,8325,8420,8282.25,22178.76966
1580005829,8324.23,8325,8420,8282.25,22178.76966
1580005829,8324.26,8325,8420,8282.25,22178.76146
1580005829,8324.26,8325,8420,8282.25,22178.76146
1580005830,8324.27,8325,8420,8282.25,22178.76146
1580005830,8324.31,8325,8420,8282.25,22178.76146
1580005830,8324.34,8325,8420,8282.25,22178.76146
1580005830,8324.35,8325,8420,8282.25,22178.76146
1580005830,8324.39,8325,8420,8282.25,22178.76146
1580005830,8324.42,8325,8420,8282.25,22178.840022
1580005830,8324.47,8325,8420,8282.25,22178.838626
1580005830,8324.53,8324.95,8420,8282.25,22178.838626
1580005830,8324.57,8324.95,8420,8282.25,22178.838626
1580005831,8324.63,8324.95,8420,8282.25,22178.838626
1580005831,8324.67,8324.95,8420,8282.25,22178.838626
1580005831,8324.73,8324.95,8420,8282.25,22178.827028
1580005831,8324.77,8324.95,8420,8282.25,22178.827028
1580005831,8324.83,8324.95,8420,8282.25,22178.767848
1580005831,8324.94,8324.95,8420,8282.25,22178.567848
1580005831,8324.94,8324.95,8420,8282.25,22178.567848
1580005831,8324.94,8324.95,8420,8282.25,22178.567848
1580005831,8324.94,8324.95,8420,8282.25,22178.567848
1580005831,8324.94,8324.95,8420,8282.25,22178.567848
1580005831,8324.94,8324.95,8420,8282.25,22178.567848
1580005832,8324.94,8324.95,8420,8282.25,22178.567848
1580005832,8324.94,8324.95,8420,8282.25,22178.567848
1580005832,8324.94,8324.95,8420,8282.25,22178.567848
1580005832,8324.94,8324.95,8420,8282.25,22178.627903
1580005832,8324.94,8324.95,8420,8282.25,22178.627903
1580005832,8324.94,8324.95,8420,8282.25,22178.627903
1580005832,8324.94,8324.95,8420,8282.25,22178.60324
1580005832,8324.94,8324.95,8420,8282.25,22178.60324
1580005833,8324.94,8324.95,8420,8282.25,22178.60324
1580005833,8324.94,8324.95,8420,8282.25,22178.60324
1580005833,8324.94,8324.95,8420,8282.25,22178.60324
1580005833,8324.94,8324.95,8420,8282.25,22178.60324
1580005833,8324.94,8324.95,8420,8282.25,22178.60324
1580005833,8324.94,8324.95,8420,8282.25,22178.591189
1580005833,8324.94,8324.95,8420,8282.25,22178.591189
1580005833,8324.94,8324.95,8420,8282.25,22178.591189
1580005833,8324.94,8324.95,8420,8282.25,22178.191189
1580005833,8324.94,8324.95,8420,8282.25,22178.191189
1580005833,8324.94,8324.95,8420,8282.25,22178.191189
1580005834,8324.94,8324.95,8420,8282.25,22178.193801
1580005834,8324.94,8324.95,8420,8282.25,22178.253824
1580005834,8324.94,8324.95,8420,8282.25,22178.253824
1580005834,8324.94,8324.95,8420,8282.25,22178.253824
1580005834,8324.94,8324.95,8420,8282.25,22178.253824
1580005834,8324.94,8324.95,8420,8282.25,22178.253824
1580005834,8324.94,8324.95,8420,8282.25,22178.253824
1580005835,8324.94,8324.95,8420,8282.25,22178.158239
1580005835,8324.94,8324.95,8420,8282.25,22178.158239
1580005835,8324.94,8324.95,8420,8282.25,22177.938941
1580005835,8324.94,8324.95,8420,8282.25,22177.938941
1580005835,8324.94,8324.95,8420,8282.25,22177.938941
1580005835,8324.94,8324.95,8420,8282.25,22177.938941
1580005835,8324.94,8324.95,8420,8282.25,22177.938941
1580005835,8324.94,8324.95,8420,8282.25,22177.938941
1580005835,8324.94,8324.95,8420,8282.25,22177.938941
1580005835,8324.94,8324.95,8420,8282.25,22177.938941
1580005835,8324.94,8324.95,8420,8282.25,22177.938941
1580005835,8324.94,8324.95,8420,8282.25,22177.938941
1580005836,8324.94,8324.95,8420,8282.25,22177.774466
1580005836,8324.94,8324.95,8420,8282.25,22177.774466
1580005836,8324.94,8324.95,8420,8282.25,22177.782451
1580005836,8324.94,8324.95,8420,8282.25,22177.722446
1580005836,8324.94,8324.95,8420,8282.25,22177.721077
1580005836,8324.94,8324.95,8420,8282.25,22177.721077
1580005836,8324.94,8324.95,8420,8282.25,22177.721077
1580005837,8324.94,8324.95,8420,8282.25,22178.721077
1580005837,8324.94,8324.95,8420,8282.25,22178.64512
1580005837,8324.94,8324.95,8420,8282.25,22178.64512
1580005837,8324.94,8324.95,8420,8282.25,22178.64512
1580005837,8324.94,8324.95,8420,8282.25,22178.64512
1580005837,8324.94,8324.95,8420,8282.25,22178.657157
1580005837,8324.94,8324.95,8420,8282.25,22178.657157
1580005837,8324.94,8324.95,8420,8282.25,22178.657157
1580005838,8324.94,8324.95,8420,8282.25,22178.458015
1580005838,8324.94,8324.95,8420,8282.25,22178.458015
1580005838,8324.94,8324.95,8420,8282.25,22178.458015
1580005838,8324.94,8324.95,8420,8282.25,22178.518055
1580005838,8324.94,8324.95,8420,8282.25,22178.518055
1580005838,8324.94,8324.95,8420,8282.25,22178.518055
1580005838,8324.94,8324.95,8420,8282.25,22178.518055
1580005838,8324.94,8324.95,8420,8282.25,22177.788785
1580005838,8324.94,8324.95,8420,8282.25,22177.788785
1580005838,8324.94,8324.95,8420,8282.25,22177.788785
1580005838,8324.94,8324.95,8420,8282.25,22177.788785
1580005839,8324.94,8324.95,8420,8282.25,22177.787343
1580005839,8324.94,8324.95,8420,8282.25,22177.787343
1580005839,8324.94,8324.95,8420,8282.25,22177.787343
1580005839,8324.94,8324.95,8420,8282.25,22177.787343
1580005839,8324.94,8324.95,8420,8282.25,22177.787343
1580005839,8324.94,8324.95,8420,8282.25,22177.787343
1580005839,8324.94,8324.95,8420,8282.25,22177.787343
1580005840,8324.94,8324.95,8420,8282.25,22177.636984
1580005840,8324.99,8325,8420,8282.25,22178.394449
1580005840,8324.99,8325,8420,8282.25,22178.394449
1580005840,8324.99,8325,8420,8282.25,22178.394449
1580005840,8324.99,8325,8420,8282.25,22178.394449
1580005840,8324.99,8325,8420,8282.25,22178.394449
1580005840,8324.99,8325,8420,8282.25,22178.394449
1580005840,8324.99,8325,8420,8282.25,22178.394449
1580005840,8324.99,8325,8420,8282.25,22178.394449
1580005840,8324.99,8325,8420,8282.25,22178.394449
1580005841,8324.99,8325,8420,8282.25,22177.808373
1580005841,8324.99,8325,8420,8282.25,22177.808373
1580005841,8324.99,8325,8420,8282.25,22177.808373
1580005841,8324.99,8325,8420,8282.25,22177.808373
1580005841,8324.99,8325,8420,8282.25,22177.808373
1580005841,8324.99,8325,8420,8282.25,22177.808373
1580005842,8324.99,8325,8420,8282.25,22177.62556
1580005842,8324.99,8325,8420,8282.25,22177.62556
1580005842,8324.99,8325,8420,8282.25,22177.685593
1580005842,8324.99,8325,8420,8282.25,22177.811563
1580005842,8324.99,8325,8420,8282.25,22177.811563
1580005842,8324.99,8325,8420,8282.25,22178.011563
1580005842,8324.99,8325,8420,8282.25,22178.011563
1580005842,8324.99,8325,8420,8282.25,22178.011563
1580005842,8324.99,8325,8420,8282.25,22178.011563
1580005842,8324.99,8325,8420,8282.25,22178.011563
1580005843,8324.99,8325,8420,8282.25,22177.593449
1580005843,8324.99,8325,8420,8282.25,22177.593449
1580005843,8324.99,8325,8420,8282.25,22177.611615
1580005843,8324.99,8325,8420,8282.25,22177.611615
1580005844,8324.99,8325,8420,8282.25,22177.495335
1580005844,8324.99,8326.99,8420,8282.25,22177.495252
1580005844,8325.06,8326.96,8420,8282.25,22177.495252
1580005844,8325.17,8326.96,8420,8282.25,22177.300258
1580005844,8325.25,8326.96,8420,8282.25,22177.300258
1580005844,8325.3,8326.93,8420,8282.25,22177.29889
1580005844,8325.36,8326.91,8420,8282.25,22177.158307
1580005844,8325.43,8326.91,8420,8282.25,22177.146274
1580005844,8325.48,8326.91,8420,8282.25,22177.006225
1580005845,8325.57,8326.91,8420,8282.25,22177.006225
1580005845,8325.63,8326.91,8420,8282.25,22177.006225
1580005845,8325.67,8326.91,8420,8282.25,22176.849946
1580005845,8325.7,8326.88,8420,8282.25,22176.813845
1580005845,8325.7,8326.87,8420,8282.25,22176.813845
1580005845,8325.7,8326.87,8420,8282.25,22176.813845
1580005846,8325.74,8326.85,8420,8282.25,22176.701068
1580005846,8325.77,8326.85,8420,8282.25,22176.701068
1580005846,8325.82,8326.85,8420,8282.25,22176.472033
1580005846,8325.85,8326.85,8420,8282.25,22176.472033
1580005846,8325.85,8326.85,8420,8282.25,22176.472033
1580005846,8325.9,8326.85,8420,8282.25,22176.472033
1580005846,8325.9,8326.85,8420,8282.25,22176.472033
1580005846,8325.82,8326.84,8420,8282.25,22176.472033
1580005846,8325.85,8326.83,8420,8282.25,22176.472033
1580005847,8325.85,8326.82,8420,8282.25,22176.472033
1580005847,8325.85,8326.81,8420,8282.25,22176.472033
1580005847,8325.85,8326.8,8420,8282.25,22176.473391
1580005847,8325.89,8326.8,8420,8282.25,22176.473391
1580005847,8325.92,8326.8,8420,8282.25,22176.473391
1580005847,8325.95,8326.8,8420,8282.25,22176.473391
1580005848,8326.04,8326.8,8420,8282.25,22176.473391
1580005848,8326.07,8326.8,8420,8282.25,22176.473391
1580005848,8326.1,8326.8,8420,8282.25,22176.473391
1580005848,8326.18,8326.8,8420,8282.25,22176.473391
1580005848,8326.19,8326.78,8420,8282.25,22176.473391
1580005849,8326.26,8326.78,8420,8282.25,22176.491454
1580005849,8325.68,8326.74,8420,8282.25,22176.491454
1580005849,8325.39,8326.67,8420,8282.25,22176.491454
1580005849,8325.48,8326.66,8420,8282.25,22176.491454
1580005849,8325.48,8326.66,8420,8282.25,22176.491454
1580005849,8325.48,8326.66,8420,8282.25,22176.491454
1580005849,8325.48,8326.66,8420,8282.25,22176.491454
1580005849,8325.47,8326.65,8420,8282.25,22176.491454
1580005850,8325.47,8326.63,8420,8282.25,22176.491454
1580005850,8325.47,8326.63,8420,8282.25,22176.491454
1580005850,8325.47,8326.63,8420,8282.25,22176.491454
1580005850,8325.47,8326.63,8420,8282.25,22176.491454
1580005850,8325.47,8326.63,8420,8282.25,22176.836084
1580005850,8325.52,8326.11,8420,8282.25,22176.836084
1580005850,8325.55,8326.1,8420,8282.25,22176.836084
1580005850,8325.55,8326.1,8420,8282.25,22176.841194
1580005850,8325.55,8326.1,8420,8282.25,22176.841194
1580005850,8325.55,8326.1,8420,8282.25,22176.841194
1580005851,8325.54,8326.1,8420,8282.25,22176.841194
1580005851,8325.59,8326.12,8420,8282.25,22176.841194
1580005851,8325.62,8326.11,8420,8282.25,22176.441194
1580005851,8325.62,8326.1,8420,8282.25,22176.441194
1580005851,8325.62,8326.09,8420,8282.25,22176.422707
1580005851,8325.62,8326.1,8420,8282.25,22176.356374
1580005851,8325.61,8326.43,8420,8282.25,22176.356374
1580005852,8325.61,8326.42,8420,8282.25,22176.356374
1580005852,8325.59,8326.42,8420,8282.25,22176.356374
1580005852,8325.59,8326.42,8420,8282.25,22176.356374
1580005852,8325.6,8326.64,8420,8282.25,22176.256374
1580005852,8325.6,8326.42,8420,8282.25,22176.122384
1580005852,8325.59,8326.42,8420,8282.25,22176.112387
1580005852,8325.59,8326.42,8420,8282.25,22176.112387
1580005852,8325.59,8326.41,8420,8282.25,22175.777491
1580005852,8325.59,8326.41,8420,8282.25,22175.777491
1580005852,8325.63,8326.41,8420,8282.25,22175.691789
1580005853,8325.66,8326.38,8420,8282.25,22175.62703
1580005853,8325.66,8326.37,8420,8282.25,22175.62703
1580005853,8325.64,8326.35,8420,8282.25,22175.562927
1580005853,8325.64,8326.35,8420,8282.25,22175.502641
1580005853,8325.68,8326.35,8420,8282.25,22175.502641
1580005853,8325.71,8326.35,8420,8282.25,22175.442518
1580005854,8325.79,8326.83,8420,8282.25,22175.382263
1580005854,8325.82,8326.82,8420,8282.25,22175.317616
1580005854,8325.83,8326.82,8420,8282.25,22175.257353
1580005854,8325.87,8326.82,8420,8282.25,22175.257353
1580005854,8325.9,8326.82,8420,8282.25,22175.257353
1580005854,8325.9,8326.82,8420,8282.25,22175.197286
1580005854,8325.95,8326.82,8420,8282.25,22175.197286
1580005854,8325.98,8326.82,8420,8282.25,22175.136866
1580005855,8325.98,8326.81,8420,8282.25,22175.130368
1580005855,8325.98,8326.8,8420,8282.25,22175.070328
1580005855,8325.98,8326.8,8420,8282.25,22175.070328
1580005855,8325.97,8326.8,8420,8282.25,22175.070328
1580005855,8325.96,8326.8,8420,8282.25,22175.010073
1580005855,8325.66,8326.78,8420,8282.25,22176.511325
1580005855,8323.95,8326.7,8420,8282.25,22177.319641
1580005855,8323.96,8326.62,8420,8282.25,22177.322032
1580005855,8323.96,8326.02,8420,8282.25,22177.322032
1580005856,8323.96,8325.86,8420,8282.25,22177.322032
1580005856,8323.96,8325.82,8420,8282.25,22177.322032
1580005856,8323.96,8325.62,8420,8282.25,22177.322032
1580005856,8323.96,8325.52,8420,8282.25,22177.322032
1580005856,8323.96,8325.45,8420,8282.25,22177.295209
1580005856,8323.96,8325.36,8420,8282.25,22177.295209
1580005856,8323.96,8325.27,8420,8282.25,22177.295209
1580005856,8323.96,8325.22,8420,8282.25,22177.295209
1580005856,8323.96,8325.14,8420,8282.25,22177.295209
1580005856,8323.96,8325.08,8420,8282.25,22177.295209
1580005857,8323.96,8325.03,8420,8282.25,22177.295209
1580005857,8323.96,8324.95,8420,8282.25,22176.838219
1580005857,8323.96,8324.9,8420,8282.25,22176.878313
1580005857,8323.96,8324.79,8420,8282.25,22176.880713
1580005857,8323.96,8324.73,8420,8282.25,22176.880713
1580005857,8323.96,8324.65,8420,8282.25,22176.880713
1580005857,8323.96,8324.59,8420,8282.25,22176.880713
1580005857,8323.96,8324.54,8420,8282.25,22176.880713
1580005858,8323.96,8324.53,8420,8282.25,22176.880713
1580005858,8323.96,8324.45,8420,8282.25,22176.972098
1580005858,8323.96,8324.39,8420,8282.25,22176.972098
1580005858,8323.96,8324.34,8420,8282.25,22176.972098
1580005858,8323.96,8324.3,8420,8282.25,22176.972098
1580005858,8323.96,8324.25,8420,8282.25,22176.972098
1580005858,8323.96,8324.16,8420,8282.25,22176.972098
1580005858,8323.96,8324.13,8420,8282.25,22176.561853
1580005858,8323.96,8324.13,8420,8282.25,22176.561853
1580005858,8323.96,8324.09,8420,8282.25,22176.561853
1580005859,8323.96,8324.05,8420,8282.25,22176.578318
1580005859,8323.96,8324.02,8420,8282.25,22176.578318
1580005859,8322.57,8324.01,8420,8282.25,22176.976885
1580005859,8322.57,8323.96,8420,8282.25,22176.99778
1580005859,8322.57,8323.91,8420,8282.25,22176.99778
1580005859,8322.57,8323.86,8420,8282.25,22176.99778
1580005859,8322.57,8323.81,8420,8282.25,22176.99778
1580005859,8322.57,8323.76,8420,8282.25,22176.99968
1580005859,8322.57,8323.72,8420,8282.25,22176.99968
1580005860,8322.58,8323.65,8420,8282.25,22176.640174
1580005860,8322.57,8323.65,8420,8282.25,22176.640174
1580005860,8322.57,8323.61,8420,8282.25,22176.640174
1580005860,8322.58,8323.58,8420,8282.25,22176.640174
1580005860,8322.58,8323.56,8420,8282.25,22176.640174
1580005860,8322.58,8323.65,8420,8282.25,22176.640174
1580005860,8322.59,8323.65,8420,8282.25,22176.640174
1580005860,8322.59,8323.65,8420,8282.25,22176.640174
1580005860,8322.6,8323.65,8420,8282.25,22176.640174
1580005861,8322.62,8323.65,8420,8282.25,22176.640174
1580005861,8322.63,8323.65,8420,8282.25,22176.640174
1580005861,8322.63,8323.65,8420,8282.25,22176.640174
1580005861,8322.63,8323.65,8420,8282.25,22176.640174
1580005861,8322.65,8323.65,8420,8282.25,22176.640174
1580005861,8322.65,8323.64,8420,8282.25,22176.640174
1580005861,8322.65,8323.65,8420,8282.25,22176.630912
1580005861,8322.65,8323.64,8420,8282.25,22176.630912
1580005861,8322.65,8323.63,8420,8282.25,22176.630912
1580005861,8322.61,8323.61,8420,8282.25,22176.504102
1580005862,8322.62,8323.61,8420,8282.25,22176.504102
1580005862,8322.62,8323.61,8420,8282.25,22176.504102
1580005862,8322.61,8323.56,8420,8282.25,22176.504102
1580005862,8322.62,8323.53,8420,8282.25,22176.504102
1580005862,8322.61,8323.52,8420,8282.25,22176.504102
1580005862,8322.61,8323.48,8420,8282.25,22176.504102
1580005862,8322.61,8323.45,8420,8282.25,22176.517923
1580005862,8322.61,8323.45,8420,8282.25,22176.517923
1580005862,8322.61,8323.45,8420,8282.25,22176.517923
1580005863,8322.61,8323.46,8420,8282.25,22176.517923
1580005863,8322.61,8323.47,8420,8282.25,22176.517923
1580005863,8322.61,8323.48,8420,8282.25,22176.517923
1580005863,8322.61,8323.49,8420,8282.25,22176.517923
1580005863,8322.61,8323.5,8420,8282.25,22176.517923
1580005863,8322.61,8323.44,8420,8282.25,22176.517923
1580005863,8322.61,8323.41,8420,8282.25,22176.517923
1580005863,8322.61,8323.4,8420,8282.25,22176.517923
1580005863,8322.61,8323.36,8420,8282.25,22176.506334
1580005863,8322.61,8323.33,8420,8282.25,22176.506334
1580005864,8322.61,8323.29,8420,8282.25,22176.411481
1580005864,8322.56,8323.25,8420,8282.25,22176.411481
1580005864,8322.56,8323.22,8420,8282.25,22176.011481
1580005864,8322.56,8323.17,8420,8282.25,22176.011481
1580005864,8322.57,8323.17,8420,8282.25,22176.010277
1580005864,8322.57,8323.45,8420,8282.25,22176.010277
1580005865,8322.57,8323.16,8420,8282.25,22176.010277
1580005865,8322.58,8323.16,8420,8282.25,22176.010277
1580005865,8322.57,8323.16,8420,8282.25,22176.010277
1580005865,8322.57,8323.16,8420,8282.25,22176.010277
1580005865,8322.57,8323.16,8420,8282.25,22176.010277
1580005865,8322.57,8323.16,8420,8282.25,22176.010277
1580005865,8322.57,8323.16,8420,8282.25,22176.007431
1580005865,8322.57,8323.16,8420,8282.25,22176.007431
1580005865,8322.57,8323.14,8420,8282.25,22175.842053
1580005865,8322.57,8323.14,8420,8282.25,22175.842053
1580005865,8322.57,8323.14,8420,8282.25,22175.842053
1580005865,8322.57,8323.14,8420,8282.25,22175.842053
1580005865,8322.57,8323.14,8420,8282.25,22175.842053
1580005866,8322.58,8323.14,8420,8282.25,22175.842053
1580005866,8322.58,8323.14,8420,8282.25,22175.842053
1580005866,8322.58,8323.14,8420,8282.25,22175.842053
1580005866,8322.58,8323.14,8420,8282.25,22175.842053
1580005866,8322.58,8323.14,8420,8282.25,22175.842053
1580005867,8322.59,8323.16,8420,8282.25,22175.596318
1580005867,8322.59,8323.15,8420,8282.25,22175.593911
1580005867,8322.59,8323.15,8420,8282.25,22175.593911
1580005867,8322.59,8323.16,8420,8282.25,22175.593911
1580005867,8322.58,8323.15,8420,8282.25,22175.593911
1580005867,8322.58,8323.01,8420,8282.25,22175.591504
1580005868,8322.57,8323.8,8420,8282.25,22175.735512
1580005868,8322.6,8323.8,8420,8282.25,22175.550293
1580005868,8322.66,8323.8,8420,8282.25,22175.550293
1580005868,8322.67,8323.8,8420,8282.25,22175.550293
1580005868,8322.67,8323.8,8420,8282.25,22175.550293
1580005868,8322.67,8323.8,8420,8282.25,22175.550293
1580005868,8322.67,8323.8,8420,8282.25,22175.550293
1580005868,8322.67,8323.8,8420,8282.25,22175.550293
1580005869,8322.67,8323.8,8420,8282.25,22175.546469
1580005870,8322.69,8323.8,8420,8282.25,22175.547869
1580005870,8322.69,8323.79,8420,8282.25,22175.547869
1580005870,8322.69,8323.79,8420,8282.25,22175.547869
1580005870,8322.69,8323.78,8420,8282.25,22175.547869
1580005870,8322.69,8323.77,8420,8282.25,22175.547869
1580005870,8322.69,8323.73,8420,8282.25,22175.618086
1580005870,8322.69,8323.79,8420,8282.25,22175.618086
1580005870,8322.69,8323.78,8420,8282.25,22175.618086
1580005870,8322.67,8323.73,8420,8282.25,22175.618086
1580005871,8322.56,8323.68,8420,8282.25,22175.618086
1580005871,8322.56,8323.63,8420,8282.25,22175.618086
1580005871,8322.56,8323.58,8420,8282.25,22175.618086
1580005871,8322.56,8323.6,8420,8282.25,22175.618086
1580005871,8322.56,8323.65,8420,8282.25,22175.618086
1580005871,8322.57,8323.63,8420,8282.25,22175.618086
1580005871,8322.59,8323.63,8420,8282.25,22175.618086
1580005872,8322.61,8323.63,8420,8282.25,22175.618086
1580005872,8322.62,8323.63,8420,8282.25,22175.618086
1580005872,8322.64,8323.65,8420,8282.25,22175.89231
1580005872,8322.65,8323.79,8420,8282.25,22175.89231
1580005872,8322.66,8323.79,8420,8282.25,22175.749221
1580005872,8322.66,8323.79,8420,8282.25,22175.749221
1580005872,8322.66,8323.79,8420,8282.25,22175.749221
1580005872,8322.66,8323.8,8420,8282.25,22175.749221
1580005872,8322.66,8323.8,8420,8282.25,22175.749221
1580005872,8322.66,8323.8,8420,8282.25,22175.749221
1580005872,8322.66,8323.8,8420,8282.25,22175.749221
1580005873,8322.68,8323.8,8420,8282.25,22175.749221
1580005873,8322.66,8323.8,8420,8282.25,22175.747867
1580005873,8322.66,8323.8,8420,8282.25,22175.747867
1580005874,8322.65,8323.65,8420,8282.25,22175.747867
1580005874,8322.58,8323.62,8420,8282.25,22175.747867
1580005874,8322.58,8323.61,8420,8282.25,22175.747867
1580005874,8322.58,8323.57,8420,8282.25,22175.747867
1580005874,8322.59,8323.51,8420,8282.25,22175.747867
1580005874,8322.59,8323.51,8420,8282.25,22175.750528
1580005874,8322.6,8323.54,8420,8282.25,22175.750528
1580005875,8322.61,8323.8,8420,8282.25,22175.750528
1580005875,8322.63,8323.5,8420,8282.25,22175.576208
1580005875,8322.6,8323.5,8420,8282.25,22175.576208
1580005875,8322.61,8323.5,8420,8282.25,22175.576208
1580005875,8322.62,8323.5,8420,8282.25,22175.576208
1580005875,8322.63,8323.5,8420,8282.25,22175.576208
1580005875,8322.64,8323.5,8420,8282.25,22175.576208
1580005875,8322.65,8323.5,8420,8282.25,22175.617623
1580005875,8322.65,8323.5,8420,8282.25,22175.617623
1580005875,8322.65,8323.5,8420,8282.25,22175.617623
1580005875,8322.65,8323.5,8420,8282.25,22175.617623
1580005875,8322.65,8323.5,8420,8282.25,22175.617623
1580005876,8322.65,8323.49,8420,8282.25,22175.617623
1580005876,8322.65,8323.48,8420,8282.25,22175.618944
1580005876,8322.65,8323.5,8420,8282.25,22175.618944
1580005876,8322.66,8323.5,8420,8282.25,22175.618944
1580005876,8322.67,8323.5,8420,8282.25,22175.616022
1580005876,8322.67,8323.5,8420,8282.25,22175.616022
1580005876,8322.67,8323.5,8420,8282.25,22175.616022
1580005876,8322.67,8323.5,8420,8282.25,22175.616022
1580005877,8322.59,8323.5,8420,8282.25,22175.616022
1580005877,8322.58,8323.63,8420,8282.25,22175.601377
1580005878,8322.58,8323.63,8420,8282.25,22175.298289
1580005878,8322.58,8323.63,8420,8282.25,22175.299525
1580005878,8322.59,8323.63,8420,8282.25,22175.299525
1580005878,8322.59,8323.63,8420,8282.25,22175.299525
1580005878,8322.59,8323.63,8420,8282.25,22175.280883
1580005878,8322.6,8323.63,8420,8282.25,22175.280883
1580005879,8322.61,8323.61,8420,8282.25,22175.268859
1580005879,8322.62,8323.63,8420,8282.25,22175.303749
1580005879,8322.62,8323.63,8420,8282.25,22175.303749
1580005879,8322.63,8323.63,8420,8282.25,22175.303749
1580005879,8322.64,8323.63,8420,8282.25,22175.303749
1580005879,8322.63,8323.63,8420,8282.25,22175.191663
1580005880,8322.58,8323.53,8420,8282.25,22175.191663
1580005880,8322.58,8323.5,8420,8282.25,22175.191663
1580005880,8322.58,8323.47,8420,8282.25,22175.191663
1580005880,8322.58,8323.43,8420,8282.25,22175.191663
1580005880,8322.6,8323.42,8420,8282.25,22175.191663
1580005880,8322.61,8323.48,8420,8282.25,22175.191663
1580005880,8322.62,8323.48,8420,8282.25,22175.191663
1580005880,8322.63,8323.48,8420,8282.25,22175.191663
1580005880,8322.63,8323.48,8420,8282.25,22175.191663
1580005880,8322.63,8323.48,8420,8282.25,22175.191663
1580005881,8322.64,8323.57,8420,8282.25,22175.392275
1580005881,8322.65,8323.57,8420,8282.25,22175.392275
1580005881,8322.67,8323.57,8420,8282.25,22175.392275
1580005881,8322.69,8323.57,8420,8282.25,22175.392275
1580005881,8322.73,8323.57,8420,8282.25,22175.197933
1580005881,8322.74,8323.57,8420,8282.25,22175.197933
1580005881,8322.74,8323.57,8420,8282.25,22175.197933
1580005881,8322.74,8323.57,8420,8282.25,22175.197933
1580005882,8322.74,8323.57,8420,8282.25,22175.194963
1580005882,8322.74,8323.56,8420,8282.25,22175.194963
1580005882,8322.74,8323.57,8420,8282.25,22175.194963
1580005882,8322.74,8323.57,8420,8282.25,22175.194963
1580005882,8322.74,8323.56,8420,8282.25,22175.194963
1580005882,8322.74,8323.55,8420,8282.25,22175.194963
1580005882,8322.75,8323.55,8420,8282.25,22175.194963
1580005883,8322.75,8323.56,8420,8282.25,22175.194963
1580005883,8322.77,8323.55,8420,8282.25,22175.194963
1580005883,8322.77,8323.51,8420,8282.25,22175.194963
1580005883,8322.77,8323.55,8420,8282.25,22175.194963
1580005883,8322.78,8323.8,8420,8282.25,22175.194963
1580005883,8322.77,8323.79,8420,8282.25,22175.194963
1580005884,8322.77,8323.58,8420,8282.25,22175.196414
1580005884,8322.77,8323.22,8420,8282.25,22175.299782
1580005884,8322.77,8323.21,8420,8282.25,22175.299782
1580005884,8322.77,8323.12,8420,8282.25,22175.299782
1580005884,8322.77,8323.07,8420,8282.25,22175.299782
1580005885,8322.78,8323.23,8420,8282.25,22175.299782
1580005885,8322.79,8323.23,8420,8282.25,22175.299782
1580005885,8322.79,8323.23,8420,8282.25,22175.299782
1580005885,8322.79,8323.23,8420,8282.25,22175.370915
1580005885,8322.82,8323.23,8420,8282.25,22175.370915
1580005885,8322.82,8323.22,8420,8282.25,22175.370915
1580005885,8322.79,8323.23,8420,8282.25,22175.377518
1580005885,8322.82,8323.22,8420,8282.25,22175.377518
1580005886,8322.82,8323.23,8420,8282.25,22175.377518
1580005886,8322.79,8323.23,8420,8282.25,22175.377518
1580005886,8322.85,8323.23,8420,8282.25,22175.377518
1580005886,8322.92,8323.23,8420,8282.25,22175.377518
1580005886,8322.98,8323.23,8420,8282.25,22175.377518
1580005886,8323.03,8323.22,8420,8282.25,22175.577504
1580005887,8323.22,8323.23,8420,8282.25,22175.572531
1580005887,8323.22,8323.23,8420,8282.25,22175.572531
1580005887,8323.15,8323.23,8420,8282.25,22175.572531
1580005887,8323.17,8323.23,8420,8282.25,22175.572531
1580005887,8323.17,8323.23,8420,8282.25,22175.572531
1580005887,8323.17,8323.23,8420,8282.25,22175.572531
1580005887,8323.17,8323.23,8420,8282.25,22175.572531
1580005888,8323.17,8323.22,8420,8282.25,22175.458648
1580005888,8323.18,8323.22,8420,8282.25,22175.478729
1580005888,8323.19,8323.22,8420,8282.25,22175.478729
1580005888,8323.19,8323.22,8420,8282.25,22175.478729
1580005888,8323.2,8323.22,8420,8282.25,22175.478729
1580005888,8323.2,8323.22,8420,8282.25,22175.478729
1580005888,8323.19,8323.22,8420,8282.25,22175.478729
1580005888,8323.19,8323.22,8420,8282.25,22175.478729
1580005888,8323.19,8323.22,8420,8282.25,22175.478729
1580005888,8323.19,8323.22,8420,8282.25,22175.478729
1580005888,8323.19,8323.22,8420,8282.25,22175.478729
1580005888,8323.19,8323.22,8420,8282.25,22175.478729
1580005888,8323.19,8323.22,8420,8282.25,22175.478729
1580005888,8323.19,8323.22,8420,8282.25,22175.478729
1580005888,8323.19,8323.22,8420,8282.25,22175.478729
1580005890,8323.2,8323.22,8420,8282.25,22175.535154
1580005890,8323.2,8323.22,8420,8282.25,22175.535154
1580005890,8323.2,8323.22,8420,8282.25,22175.535154
1580005890,8323.2,8323.22,8420,8282.25,22175.535154
1580005890,8323.2,8323.22,8420,8282.25,22175.535154
1580005890,8323.2,8323.22,8420,8282.25,22175.535154
1580005890,8323.21,8324.7,8420,8282.25,22175.395975
1580005890,8323.21,8324.7,8420,8282.25,22175.395975
1580005890,8323.21,8324.7,8420,8282.25,22175.395975
1580005890,8323.21,8324.7,8420,8282.25,22175.395975
1580005890,8323.21,8324.7,8420,8282.25,22175.395975
1580005890,8323.21,8324.7,8420,8282.25,22175.395975
1580005890,8323.21,8324.7,8420,8282.25,22175.395975
1580005890,8323.21,8324.7,8420,8282.25,22175.395975
1580005890,8323.21,8324.7,8420,8282.25,22175.395975
1580005890,8323.21,8324.7,8420,8282.25,22175.395975
1580005892,8323.21,8324.7,8420,8282.25,22175.390133
1580005892,8323.21,8324.7,8420,8282.25,22175.390133
1580005892,8323.21,8324.69,8420,8282.25,22175.390133
1580005892,8323.2,8324.62,8420,8282.25,22175.52265
1580005893,8323.2,8324.62,8420,8282.25,22175.519893
1580005893,8323.19,8324.56,8420,8282.25,22175.111893
1580005893,8323.19,8324.51,8420,8282.25,22174.80622
1580005893,8323.19,8324.45,8420,8282.25,22174.80622
1580005893,8323.19,8324.39,8420,8282.25,22174.80622
1580005893,8323.19,8324.33,8420,8282.25,22174.80622
1580005893,8323.19,8324.29,8420,8282.25,22174.80622
1580005893,8323.19,8324.23,8420,8282.25,22174.80622
1580005893,8323.19,8324.18,8420,8282.25,22174.80622
1580005894,8323.19,8324.02,8420,8282.25,22174.799336
1580005895,8323.23,8323.84,8420,8282.25,22174.801739
1580005895,8323.34,8324.61,8420,8282.25,22174.803284
1580005895,8323.34,8324.61,8420,8282.25,22174.803284
1580005895,8323.34,8324.61,8420,8282.25,22174.803284
1580005895,8323.34,8324.61,8420,8282.25,22174.803284
1580005895,8323.34,8324.61,8420,8282.25,22174.803284
1580005895,8323.4,8324.61,8420,8282.25,22174.800528
1580005896,8323.3,8324.59,8420,8282.25,22175.197632
1580005896,8323.31,8324.59,8420,8282.25,22175.196193
1580005896,8323.31,8324.59,8420,8282.25,22175.196193
1580005896,8323.35,8324.7,8420,8282.25,22175.196193
1580005896,8323.36,8324.61,8420,8282.25,22175.196193
1580005896,8323.36,8324.59,8420,8282.25,22175.196193
1580005896,8323.36,8324.59,8420,8282.25,22175.336319
1580005897,8323.29,8324.54,8420,8282.25,22175.336319
1580005897,8323.19,8324.48,8420,8282.25,22175.381447
1580005897,8323.19,8324.41,8420,8282.25,22175.425994
1580005897,8323.2,8324.41,8420,8282.25,22175.451922
1580005897,8323.2,8324.39,8420,8282.25,22175.451922
1580005897,8323.2,8324.37,8420,8282.25,22175.451922
1580005897,8323.2,8324.35,8420,8282.25,22175.451922
1580005898,8323.2,8324.34,8420,8282.25,22175.451922
1580005898,8323.2,8324.33,8420,8282.25,22175.451922
1580005898,8323.2,8324.33,8420,8282.25,22175.332714
1580005898,8323.2,8324.32,8420,8282.25,22175.332714
1580005898,8323.2,8324.32,8420,8282.25,22175.332714
1580005898,8323.2,8324.32,8420,8282.25,22175.332714
1580005898,8323.26,8324.31,8420,8282.25,22175.334105
1580005898,8323.26,8324.3,8420,8282.25,22175.334105
1580005898,8323.32,8324.68,8420,8282.25,22175.334105
1580005899,8323.32,8324.66,8420,8282.25,22175.334105
1580005899,8323.32,8324.64,8420,8282.25,22175.334105
1580005899,8323.32,8324.62,8420,8282.25,22175.334105
1580005899,8323.32,8324.61,8420,8282.25,22175.334105
1580005899,8323.32,8324.58,8420,8282.25,22175.334105
1580005899,8323.33,8324.58,8420,8282.25,22175.334105
1580005899,8323.33,8324.58,8420,8282.25,22175.334105
1580005899,8323.39,8324.7,8420,8282.25,22175.334105
1580005899,8323.45,8324.7,8420,8282.25,22175.336508
1580005900,8323.53,8324.7,8420,8282.25,22175.336508
1580005900,8323.61,8324.7,8420,8282.25,22175.336508
1580005900,8323.69,8324.7,8420,8282.25,22175.336508
1580005900,8323.84,8324.7,8420,8282.25,22175.338911
1580005900,8323.91,8324.7,8420,8282.25,22175.360488
1580005900,8323.98,8324.7,8420,8282.25,22175.360488
1580005900,8324.05,8324.7,8420,8282.25,22175.360488
1580005900,8324.12,8326,8420,8282.25,22174.856471
1580005900,8324.15,8325.96,8420,8282.25,22174.856471
1580005901,8324.16,8325.92,8420,8282.25,22174.856471
1580005901,8324.16,8325.82,8420,8282.25,22174.856471
1580005901,8324.16,8325.73,8420,8282.25,22174.856471
1580005901,8324.16,8325.62,8420,8282.25,22174.856471
1580005901,8324.18,8325.52,8420,8282.25,22174.856471
1580005901,8324.19,8325.52,8420,8282.25,22174.856471
1580005901,8324.2,8325.52,8420,8282.25,22174.856471
1580005901,8324.21,8325.49,8420,8282.25,22174.856471
1580005901,8324.16,8325.44,8420,8282.25,22174.856471
1580005902,8324.16,8325.37,8420,8282.25,22174.856471
1580005902,8324.18,8325.3,8420,8282.25,22174.856471
1580005902,8324.18,8325.2,8420,8282.25,22174.856471
1580005902,8324.18,8325.15,8420,8282.25,22174.855118
1580005902,8324.2,8325.12,8420,8282.25,22174.929724
1580005902,8324.18,8325.11,8420,8282.25,22174.929724
1580005902,8324.16,8325.1,8420,8282.25,22175.022812
1580005902,8324.18,8325.66,8420,8282.25,22175.022812
1580005902,8324.18,8325.66,8420,8282.25,22175.022812
1580005903,8324.21,8325.65,8420,8282.25,22175.022812
1580005903,8324.21,8325.64,8420,8282.25,22175.022812
1580005903,8324.22,8325.62,8420,8282.25,22174.673701
1580005903,8324.23,8325.61,8420,8282.25,22174.673701
1580005903,8324.23,8325.58,8420,8282.25,22174.673701
1580005903,8324.23,8325.55,8420,8282.25,22174.673701
1580005903,8324.23,8325.53,8420,8282.25,22174.673701
1580005903,8324.23,8325.48,8420,8282.25,22174.673701
1580005904,8324.23,8325.44,8420,8282.25,22174.673701
1580005904,8324.23,8325.42,8420,8282.25,22174.646771
1580005904,8324.23,8325.4,8420,8282.25,22174.646771
1580005904,8324.23,8325.39,8420,8282.25,22174.646771
1580005904,8324.23,8325.38,8420,8282.25,22174.646771
1580005904,8324.23,8325.38,8420,8282.25,22174.646771
1580005904,8324.23,8325.38,8420,8282.25,22174.6481
1580005904,8324.23,8325.38,8420,8282.25,22174.6481
1580005904,8324.23,8325.38,8420,8282.25,22174.6481
1580005904,8324.23,8325.38,8420,8282.25,22174.6481
1580005904,8324.23,8325.38,8420,8282.25,22174.6481
1580005905,8324.18,8325.33,8420,8282.25,22174.6481
1580005905,8324.18,8325.28,8420,8282.25,22174.6481
1580005905,8324.18,8325.21,8420,8282.25,22174.412216
1580005905,8324.18,8325.13,8420,8282.25,22174.412216
1580005905,8324.18,8325,8420,8282.25,22174.378633
1580005905,8324.18,8324.94,8420,8282.25,22174.378633
1580005906,8324.18,8324.87,8420,8282.25,22174.378633
1580005906,8324.2,8324.82,8420,8282.25,22174.378633
1580005906,8324.2,8324.78,8420,8282.25,22174.378633
1580005906,8324.2,8324.72,8420,8282.25,22174.378633
1580005906,8324.2,8324.72,8420,8282.25,22174.378633
1580005906,8324.2,8324.67,8420,8282.25,22174.378633
1580005906,8324.2,8324.66,8420,8282.25,22174.378633
1580005906,8324.2,8324.61,8420,8282.25,22174.66891
1580005906,8324.2,8324.6,8420,8282.25,22174.66891
1580005906,8324.2,8324.73,8420,8282.25,22174.641926
1580005907,8324.24,8324.72,8420,8282.25,22174.641926
1580005907,8324.2,8324.71,8420,8282.25,22174.641926
1580005907,8324.18,8324.69,8420,8282.25,22174.912589
1580005907,8324.18,8324.67,8420,8282.25,22174.912589
1580005907,8324.18,8324.65,8420,8282.25,22174.772478
1580005907,8324.18,8324.63,8420,8282.25,22174.772478
1580005907,8324.18,8324.61,8420,8282.25,22174.772478
1580005907,8324.18,8324.59,8420,8282.25,22174.772478
1580005908,8324.22,8324.77,8420,8282.25,22174.772478
1580005908,8324.25,8324.76,8420,8282.25,22174.772478
1580005908,8324.18,8324.75,8420,8282.25,22174.772478
1580005908,8324.18,8324.75,8420,8282.25,22174.771037
1580005908,8324.18,8324.75,8420,8282.25,22174.771037
1580005908,8324.18,8324.75,8420,8282.25,22174.771037
1580005908,8324.18,8324.75,8420,8282.25,22174.771037
1580005909,8324.18,8324.75,8420,8282.25,22174.771037
1580005909,8324.18,8324.75,8420,8282.25,22174.771037
1580005909,8324.18,8324.75,8420,8282.25,22174.771037
1580005909,8324.18,8324.75,8420,8282.25,22174.771037
1580005910,8324.18,8324.75,8420,8282.25,22174.297264
1580005910,8324.18,8324.75,8420,8282.25,22174.297264
1580005910,8324.22,8324.92,8420,8282.25,22174.297264
1580005910,8324.27,8324.92,8420,8282.25,22174.297264
1580005910,8324.27,8324.9,8420,8282.25,22174.297264
1580005910,8324.27,8324.88,8420,8282.25,22174.297264
1580005910,8324.27,8324.86,8420,8282.25,22174.297264
1580005911,8324.27,8324.8,8420,8282.25,22174.298681
1580005911,8324.27,8324.75,8420,8282.25,22174.298681
1580005911,8324.27,8324.67,8420,8282.25,22174.298681
1580005911,8324.27,8324.61,8420,8282.25,22174.298681
1580005911,8324.27,8324.56,8420,8282.25,22174.28216
1580005911,8324.27,8324.51,8420,8282.25,22174.28216
1580005911,8324.27,8324.46,8420,8282.25,22174.28216
1580005911,8324.18,8324.41,8420,8282.25,22174.479813
1580005912,8324.18,8324.34,8420,8282.25,22174.144718
1580005912,8324.18,8324.34,8420,8282.25,22174.144718
1580005912,8324.22,8324.34,8420,8282.25,22174.144718
1580005912,8324.18,8324.84,8420,8282.25,22174.144718
1580005912,8324.18,8324.76,8420,8282.25,22174.144718
1580005912,8324.18,8324.69,8420,8282.25,22174.144718
1580005913,8324.18,8324.47,8420,8282.25,22174.144718
1580005913,8324.19,8324.46,8420,8282.25,22174.144718
1580005913,8324.19,8324.45,8420,8282.25,22174.144718
1580005913,8324.19,8324.45,8420,8282.25,22174.144718
1580005913,8324.19,8324.45,8420,8282.25,22174.144718
1580005913,8324.19,8324.45,8420,8282.25,22174.144718
1580005913,8324.23,8324.64,8420,8282.25,22174.144718
1580005914,8324.26,8324.91,8420,8282.25,22174.144718
1580005914,8324.26,8324.91,8420,8282.25,22174.144718
1580005914,8324.26,8324.91,8420,8282.25,22173.658537
1580005914,8324.31,8324.91,8420,8282.25,22173.658537
1580005914,8324.35,8324.9,8420,8282.25,22173.658537
1580005914,8324.42,8324.9,8420,8282.25,22173.638468
1580005914,8324.42,8324.88,8420,8282.25,22173.6292
1580005914,8324.48,8324.9,8420,8282.25,22173.617171
1580005914,8324.51,8324.9,8420,8282.25,22173.617171
1580005915,8324.52,8324.9,8420,8282.25,22173.609142
1580005915,8324.56,8324.9,8420,8282.25,22173.609142
1580005915,8324.53,8324.89,8420,8282.25,22173.609142
1580005915,8324.57,8324.88,8420,8282.25,22173.609142
1580005915,8324.57,8324.88,8420,8282.25,22173.609142
1580005915,8324.44,8324.88,8420,8282.25,22173.609142
1580005915,8324.44,8324.87,8420,8282.25,22173.609142
1580005915,8324.44,8324.86,8420,8282.25,22173.609142
1580005915,8324.44,8324.85,8420,8282.25,22173.617971
1580005915,8324.44,8324.85,8420,8282.25,22173.617971
1580005916,8324.44,8324.8,8420,8282.25,22173.515073
1580005916,8324.44,8324.5,8420,8282.25,22173.49143
1580005916,8324.44,8324.49,8420,8282.25,22173.48193
1580005916,8324.44,8324.45,8420,8282.25,22173.414716
1580005916,8324.44,8324.45,8420,8282.25,22173.414716
1580005916,8324.44,8324.45,8420,8282.25,22173.414716
1580005916,8324.44,8324.45,8420,8282.25,22173.414716
1580005916,8324.44,8324.45,8420,8282.25,22173.414716
1580005916,8324.44,8324.45,8420,8282.25,22173.414716
1580005916,8324.44,8324.45,8420,8282.25,22173.414716
1580005917,8324.44,8324.45,8420,8282.25,22173.355587
1580005917,8324.44,8324.53,8420,8282.25,22173.355587
1580005917,8324.44,8324.53,8420,8282.25,22173.355587
1580005917,8324.45,8324.53,8420,8282.25,22172.942873
1580005918,8324.44,8324.53,8420,8282.25,22173.038191
1580005918,8324.51,8324.54,8420,8282.25,22172.940641
1580005918,8324.52,8324.54,8420,8282.25,22172.940641
1580005918,8324.53,8324.54,8420,8282.25,22172.940641
1580005918,8324.7,8325.66,8420,8282.25,22172.956072
1580005919,8324.79,8325.66,8420,8282.25,22172.956072
1580005919,8324.56,8325.66,8420,8282.25,22173.000626
1580005919,8324.57,8325.65,8420,8282.25,22173.000626
1580005919,8324.18,8325.59,8420,8282.25,22173.000626
1580005919,8324.58,8325.59,8420,8282.25,22172.957625
1580005919,8324.64,8325.66,8420,8282.25,22172.957625
1580005921,8324.18,8325.59,8420,8282.25,22172.580369
1580005921,8324.18,8325.59,8420,8282.25,22172.580369
1580005921,8324.2,8325.59,8420,8282.25,22172.580369
1580005921,8324.2,8325.59,8420,8282.25,22172.580369
1580005921,8324.2,8325.59,8420,8282.25,22172.580369
1580005921,8324.2,8325.57,8420,8282.25,22172.580369
1580005921,8324.2,8325.56,8420,8282.25,22172.580369
1580005921,8324.2,8325.56,8420,8282.25,22172.580369
1580005921,8324.2,8325.56,8420,8282.25,22172.580369
1580005922,8324.18,8324.88,8420,8282.25,22172.589519
1580005922,8324.23,8325.25,8420,8282.25,22172.589519
1580005922,8324.23,8325.25,8420,8282.25,22172.589519
1580005922,8324.23,8325.25,8420,8282.25,22172.589519
1580005922,8324.23,8325.25,8420,8282.25,22172.589519
1580005923,8324.23,8325.24,8420,8282.25,22172.386337
1580005923,8324.23,8325.23,8420,8282.25,22172.386337
1580005924,8325.09,8325.57,8420,8282.25,22173.287267
1580005924,8325.5,8325.57,8420,8282.25,22173.123228
1580005924,8325.54,8325.56,8420,8282.25,22173.123228
1580005924,8325.5,8325.55,8420,8282.25,22173.123228
1580005924,8325.5,8325.51,8420,8282.25,22173.123228
1580005924,8325.5,8325.51,8420,8282.25,22173.123228
1580005924,8325.54,8325.66,8420,8282.25,22173.123228
1580005924,8325.58,8325.66,8420,8282.25,22173.123228
1580005925,8325.61,8325.66,8420,8282.25,22173.123228
1580005925,8325.65,8325.66,8420,8282.25,22173.110758
1580005925,8325.65,8325.66,8420,8282.25,22173.134655
1580005925,8325.65,8325.66,8420,8282.25,22173.150754
1580005925,8325.65,8325.66,8420,8282.25,22172.944811
1580005925,8325.65,8325.66,8420,8282.25,22172.947213
1580005925,8325.65,8325.66,8420,8282.25,22172.947213
1580005926,8325.65,8325.66,8420,8282.25,22172.947213
1580005926,8325.65,8325.66,8420,8282.25,22172.947213
1580005926,8325.65,8325.66,8420,8282.25,22172.947213
1580005926,8325.65,8325.66,8420,8282.25,22172.947213
1580005926,8325.65,8325.66,8420,8282.25,22172.947213
1580005926,8325.65,8325.66,8420,8282.25,22172.947213
1580005926,8325.65,8325.66,8420,8282.25,22172.947213
1580005926,8325.65,8325.66,8420,8282.25,22172.760295
1580005926,8325.65,8325.66,8420,8282.25,22172.760295
1580005927,8325.65,8325.66,8420,8282.25,22172.758841
1580005927,8325.65,8325.66,8420,8282.25,22172.758841
1580005927,8325.65,8325.66,8420,8282.25,22172.758841
1580005927,8325.65,8325.66,8420,8282.25,22172.758841
1580005927,8325.65,8325.66,8420,8282.25,22172.758841
1580005927,8325.65,8325.66,8420,8282.25,22172.756858
1580005927,8325.65,8325.66,8420,8282.25,22172.756858
1580005927,8325.65,8325.66,8420,8282.25,22172.756858
1580005927,8325.65,8325.66,8420,8282.25,22172.756858
1580005927,8325.65,8325.66,8420,8282.25,22172.756858
1580005928,8325.65,8325.66,8420,8282.25,22172.756858
1580005928,8325.65,8325.66,8420,8282.25,22172.756858
1580005928,8325.65,8325.66,8420,8282.25,22172.756858
1580005928,8325.65,8325.66,8420,8282.25,22172.756858
1580005928,8325.65,8325.66,8420,8282.25,22172.756858
1580005928,8325.65,8325.66,8420,8282.25,22172.756858
1580005928,8325.65,8325.66,8420,8282.25,22172.756858
1580005928,8325.65,8325.66,8420,8282.25,22172.756858
1580005928,8325.65,8325.66,8420,8282.25,22172.756858
1580005928,8325.65,8325.66,8420,8282.25,22172.756858
1580005928,8325.65,8325.66,8420,8282.25,22172.756858
1580005929,8325.65,8325.66,8420,8282.25,22172.655219
1580005929,8325.65,8325.66,8420,8282.25,22172.655219
1580005929,8325.65,8325.66,8420,8282.25,22172.655219
1580005929,8325.65,8325.66,8420,8282.25,22172.655219
1580005929,8325.65,8325.66,8420,8282.25,22172.655219
1580005929,8325.65,8325.66,8420,8282.25,22172.655219
1580005930,8325.65,8325.66,8420,8282.25,22172.655219
1580005930,8325.65,8325.66,8420,8282.25,22172.655219
1580005930,8325.65,8325.66,8420,8282.25,22172.655219
1580005930,8325.65,8325.66,8420,8282.25,22172.418738
1580005930,8325.65,8325.66,8420,8282.25,22172.418738
1580005930,8325.65,8325.66,8420,8282.25,22172.424592
1580005930,8325.65,8325.66,8420,8282.25,22172.424592
1580005930,8325.65,8325.66,8420,8282.25,22172.192141
1580005930,8325.65,8325.66,8420,8282.25,22171.997949
1580005931,8325.65,8325.66,8420,8282.25,22171.77651
1580005931,8325.65,8325.66,8420,8282.25,22171.77651
1580005931,8325.65,8325.66,8420,8282.25,22171.77651
1580005931,8325.65,8325.66,8420,8282.25,22171.77651
1580005931,8325.65,8325.66,8420,8282.25,22171.77651
1580005931,8325.65,8325.66,8420,8282.25,22171.77651
1580005932,8325.65,8325.66,8420,8282.25,22171.722255
1580005932,8325.65,8325.66,8420,8282.25,22171.722255
1580005932,8325.65,8325.66,8420,8282.25,22171.722255
1580005932,8325.65,8325.66,8420,8282.25,22171.722255
1580005932,8325.65,8325.66,8420,8282.25,22171.722255
1580005932,8325.65,8325.66,8420,8282.25,22171.722255
1580005933,8325.65,8325.66,8420,8282.25,22171.381756
1580005933,8325.65,8325.66,8420,8282.25,22171.381756
1580005933,8325.65,8325.66,8420,8282.25,22170.981756
1580005933,8325.65,8325.66,8420,8282.25,22170.983135
1580005933,8325.65,8325.66,8420,8282.25,22171.031255
1580005933,8325.65,8325.66,8420,8282.25,22171.031255
1580005933,8325.65,8325.66,8420,8282.25,22171.031255
1580005933,8325.65,8325.66,8420,8282.25,22171.031255
1580005933,8325.65,8325.66,8420,8282.25,22171.031255
1580005933,8325.65,8325.66,8420,8282.25,22171.031255
1580005933,8325.65,8325.66,8420,8282.25,22171.031255
1580005933,8325.65,8325.66,8420,8282.25,22171.031255
1580005933,8325.65,8325.66,8420,8282.25,22171.031255
1580005933,8325.65,8325.66,8420,8282.25,22171.031255
1580005933,8325.65,8325.66,8420,8282.25,22171.031255
1580005933,8325.65,8325.66,8420,8282.25,22171.031255
1580005935,8325.65,8325.66,8420,8282.25,22171.042505
1580005935,8325.65,8325.66,8420,8282.25,22171.042505
1580005935,8325.65,8325.66,8420,8282.25,22171.042505
1580005935,8325.65,8325.66,8420,8282.25,22171.042505
1580005935,8325.65,8325.66,8420,8282.25,22171.042505
1580005935,8325.65,8325.66,8420,8282.25,22171.042505
1580005935,8325.65,8325.66,8420,8282.25,22171.042505
1580005935,8325.65,8325.66,8420,8282.25,22171.042505
1580005935,8325.65,8325.66,8420,8282.25,22171.042505
1580005935,8325.65,8325.66,8420,8282.25,22171.042505
1580005935,8325.65,8325.66,8420,8282.25,22171.042505
1580005935,8325.65,8325.66,8420,8282.25,22171.042505
1580005935,8325.65,8325.66,8420,8282.25,22171.042505
1580005935,8325.65,8325.66,8420,8282.25,22171.042505
1580005935,8325.65,8325.66,8420,8282.25,22171.042505
1580005936,8325.65,8325.66,8420,8282.25,22170.735697
1580005936,8325.65,8325.66,8420,8282.25,22170.735697
1580005937,8325.65,8325.66,8420,8282.25,22170.735697
1580005937,8325.65,8325.66,8420,8282.25,22170.735697
1580005937,8325.65,8325.66,8420,8282.25,22170.735697
1580005937,8325.65,8325.66,8420,8282.25,22170.735697
1580005937,8325.65,8325.66,8420,8282.25,22170.735697
1580005937,8325.65,8325.66,8420,8282.25,22170.735697
1580005937,8325.65,8325.66,8420,8282.25,22170.735697
1580005937,8325.65,8325.66,8420,8282.25,22170.735697
1580005937,8325.65,8325.66,8420,8282.25,22170.735697
1580005937,8325.65,8325.66,8420,8282.25,22170.680848
1580005938,8325.65,8325.66,8420,8282.25,22170.680848
1580005938,8325.65,8325.66,8420,8282.25,22170.724687
1580005938,8325.65,8325.66,8420,8282.25,22170.72653
1580005938,8325.65,8325.66,8420,8282.25,22170.72653
1580005938,8325.65,8325.66,8420,8282.25,22170.72653
1580005938,8325.65,8325.66,8420,8282.25,22170.72653
1580005940,8325.65,8325.66,8420,8282.25,22170.561382
1580005940,8325.65,8325.66,8420,8282.25,22170.561382
1580005940,8325.65,8325.66,8420,8282.25,22170.561382
1580005940,8325.65,8325.66,8420,8282.25,22170.561382
1580005940,8325.65,8325.66,8420,8282.25,22170.561382
1580005940,8325.65,8325.66,8420,8282.25,22170.561382
1580005940,8325.65,8325.66,8420,8282.25,22170.561382
1580005941,8325.65,8325.66,8420,8282.25,22170.072969
1580005941,8325.65,8325.66,8420,8282.25,22170.072969
1580005941,8325.65,8325.66,8420,8282.25,22169.974826
1580005941,8325.65,8325.66,8420,8282.25,22169.958358
1580005942,8325.65,8325.66,8420,8282.25,22169.958358
1580005942,8325.65,8325.66,8420,8282.25,22169.958358
1580005942,8325.65,8325.66,8420,8282.25,22169.938479
1580005942,8325.65,8325.66,8420,8282.25,22169.938479
1580005942,8325.65,8325.66,8420,8282.25,22169.789004
1580005942,8325.65,8325.66,8420,8282.25,22169.789004
1580005942,8325.65,8325.66,8420,8282.25,22169.789004
1580005943,8325.65,8325.66,8420,8282.25,22169.789004
1580005943,8325.65,8325.66,8420,8282.25,22169.789004
1580005943,8325.65,8325.66,8420,8282.25,22169.789004
1580005943,8325.65,8325.66,8420,8282.25,22169.789004
1580005943,8325.65,8325.66,8420,8282.25,22169.789004
1580005943,8325.65,8325.66,8420,8282.25,22169.789004
1580005943,8325.65,8325.66,8420,8282.25,22169.789004
1580005943,8325.65,8325.66,8420,8282.25,22169.789004
1580005943,8325.65,8325.66,8420,8282.25,22169.789004
1580005943,8325.65,8325.66,8420,8282.25,22169.789004
1580005943,8325.65,8325.66,8420,8282.25,22169.789004
1580005943,8325.65,8325.66,8420,8282.25,22169.789004
1580005943,8325.65,8325.66,8420,8282.25,22169.789004
1580005943,8325.65,8325.66,8420,8282.25,22169.789004
1580005944,8325.65,8325.66,8420,8282.25,22169.579638
1580005944,8325.65,8325.66,8420,8282.25,22169.579638
1580005944,8325.65,8325.66,8420,8282.25,22169.579638
1580005944,8325.65,8325.66,8420,8282.25,22169.579638
1580005944,8325.65,8325.66,8420,8282.25,22169.579638
1580005944,8325.65,8325.66,8420,8282.25,22169.579638
1580005944,8325.65,8325.66,8420,8282.25,22169.579638
1580005945,8325.65,8325.66,8420,8282.25,22169.574289
1580005946,8325.65,8325.66,8420,8282.25,22169.574289
1580005946,8325.65,8325.66,8420,8282.25,22169.574289
1580005946,8325.65,8325.66,8420,8282.25,22169.574289
1580005946,8325.65,8325.66,8420,8282.25,22169.574289
1580005946,8325.65,8325.66,8420,8282.25,22169.574289
1580005946,8325.65,8325.66,8420,8282.25,22169.574289
1580005946,8325.65,8325.66,8420,8282.25,22169.574289
1580005946,8325.65,8325.66,8420,8282.25,22169.574289
1580005946,8325.65,8325.66,8420,8282.25,22169.574289
1580005947,8325.65,8325.66,8420,8282.25,22169.568275
1580005947,8325.65,8325.66,8420,8282.25,22169.568275
1580005947,8325.65,8325.66,8420,8282.25,22169.568275
1580005947,8325.65,8325.66,8420,8282.25,22169.568275
1580005947,8325.65,8325.66,8420,8282.25,22169.568275
1580005947,8325.65,8325.66,8420,8282.25,22169.569623
1580005948,8325.65,8325.66,8420,8282.25,22169.569623
1580005948,8325.65,8325.66,8420,8282.25,22169.569623
1580005948,8325.65,8325.66,8420,8282.25,22169.569623
1580005948,8325.65,8325.66,8420,8282.25,22169.569623
1580005948,8325.65,8325.66,8420,8282.25,22169.56506
1580005948,8325.65,8325.66,8420,8282.25,22169.56506
1580005949,8325.65,8325.66,8420,8282.25,22169.56506
1580005949,8325.65,8325.66,8420,8282.25,22169.56506
1580005949,8325.65,8325.66,8420,8282.25,22169.563627
1580005949,8325.65,8325.66,8420,8282.25,22169.563627
1580005949,8325.69,8327.67,8420,8282.25,22169.963627
1580005949,8325.84,8327.64,8420,8282.25,22169.963627
1580005949,8325.94,8327.64,8420,8282.25,22169.963627
1580005950,8326.03,8327.61,8420,8282.25,22169.965056
1580005950,8326.04,8327.61,8420,8282.25,22169.965056
1580005950,8326.04,8327.61,8420,8282.25,22169.965056
1580005950,8326.04,8327.61,8420,8282.25,22169.965056
1580005950,8326.04,8327.61,8420,8282.25,22169.965056
1580005950,8326.04,8327.61,8420,8282.25,22169.965056
1580005950,8326.04,8327.61,8420,8282.25,22169.965056
1580005950,8326.04,8327.61,8420,8282.25,22169.965056
1580005950,8326.04,8327.58,8420,8282.25,22169.965056
1580005951,8326.04,8327.53,8420,8282.25,22169.857275
1580005951,8326.04,8327.41,8420,8282.25,22169.857275
1580005951,8325.77,8327.25,8420,8282.25,22169.944763
1580005951,8325.77,8327.21,8420,8282.25,22169.944763
1580005951,8325.77,8327.16,8420,8282.25,22169.944763
1580005951,8325.77,8327.11,8420,8282.25,22169.944763
1580005951,8325.77,8327.05,8420,8282.25,22169.944763
1580005951,8325.77,8327,8420,8282.25,22169.944763
1580005952,8325.77,8326.95,8420,8282.25,22169.944763
1580005952,8325.77,8326.9,8420,8282.25,22169.944763
1580005952,8325.77,8326.86,8420,8282.25,22169.944763
1580005952,8325.77,8326.83,8420,8282.25,22169.944763
1580005952,8325.77,8326.79,8420,8282.25,22169.944763
1580005952,8325.77,8326.75,8420,8282.25,22169.944763
1580005952,8325.77,8326.72,8420,8282.25,22169.944763
1580005952,8325.77,8326.69,8420,8282.25,22169.944763
1580005953,8325.77,8326.63,8420,8282.25,22169.944763
1580005953,8325.77,8326.6,8420,8282.25,22169.944763
1580005953,8325.77,8326.57,8420,8282.25,22169.944763
1580005953,8325.77,8326.54,8420,8282.25,22169.944763
1580005953,8325.77,8326.51,8420,8282.25,22169.944763
1580005953,8325.77,8326.48,8420,8282.25,22169.944763
1580005953,8325.77,8326.45,8420,8282.25,22169.944763
1580005953,8325.77,8326.42,8420,8282.25,22169.944763
1580005954,8325.77,8326.34,8420,8282.25,22169.946212
1580005954,8325.77,8326.24,8420,8282.25,22169.946212
1580005954,8325.77,8326.19,8420,8282.25,22169.946212
1580005954,8325.78,8326.16,8420,8282.25,22169.946212
1580005954,8325.79,8326.15,8420,8282.25,22169.734637
1580005954,8325.79,8326.05,8420,8282.25,22169.734637
1580005955,8325.77,8326,8420,8282.25,22169.734637
1580005955,8325.77,8325.93,8420,8282.25,22169.734637
1580005955,8325.65,8325.84,8420,8282.25,22169.366213
1580005955,8325.65,8325.8,8420,8282.25,22169.366213
1580005956,8325.65,8325.84,8420,8282.25,22169.366213
1580005956,8325.66,8325.77,8420,8282.25,22169.25532
1580005956,8325.66,8325.77,8420,8282.25,22169.25532
1580005956,8325.66,8325.78,8420,8282.25,22169.25532
1580005956,8325.66,8325.8,8420,8282.25,22169.241476
1580005956,8325.66,8325.8,8420,8282.25,22169.241476
1580005956,8325.66,8325.8,8420,8282.25,22169.241476
1580005957,8325.66,8325.75,8420,8282.25,22169.212948
1580005957,8325.66,8325.67,8420,8282.25,22169.212948
1580005957,8325.66,8325.67,8420,8282.25,22169.212948
1580005957,8325.66,8325.67,8420,8282.25,22169.212948
1580005957,8325.66,8325.67,8420,8282.25,22169.212948
1580005957,8325.66,8325.67,8420,8282.25,22169.212948
1580005957,8325.66,8325.67,8420,8282.25,22169.212948
1580005957,8325.66,8325.67,8420,8282.25,22169.212948
1580005957,8325.66,8325.67,8420,8282.25,22169.212948
1580005957,8325.66,8325.67,8420,8282.25,22169.212948
1580005958,8325.66,8325.67,8420,8282.25,22169.212948
1580005958,8325.66,8325.67,8420,8282.25,22169.212948
1580005958,8325.66,8325.67,8420,8282.25,22169.212948
1580005958,8325.66,8325.67,8420,8282.25,22169.205903
1580005958,8325.66,8325.67,8420,8282.25,22169.118481
1580005959,8325.66,8325.67,8420,8282.25,22168.984914
1580005959,8325.66,8326.08,8420,8282.25,22168.984914
1580005959,8325.7,8326.07,8420,8282.25,22168.984914
1580005959,8325.76,8326.08,8420,8282.25,22168.984914
1580005959,8325.76,8326.07,8420,8282.25,22168.984914
1580005959,8325.66,8326.07,8420,8282.25,22168.984914
1580005959,8325.66,8326.03,8420,8282.25,22168.984914
1580005959,8325.66,8325.98,8420,8282.25,22168.984914
1580005959,8325.66,8325.93,8420,8282.25,22168.979037
1580005960,8325.66,8325.87,8420,8282.25,22168.980488
1580005960,8325.66,8325.87,8420,8282.25,22168.980488
1580005960,8325.73,8326.09,8420,8282.25,22168.980488
1580005960,8325.78,8326.09,8420,8282.25,22168.980488
1580005960,8325.84,8326.09,8420,8282.25,22168.980488
1580005960,8325.89,8326.09,8420,8282.25,22168.980488
1580005960,8325.94,8326.09,8420,8282.25,22168.65395
1580005960,8325.98,8326.09,8420,8282.25,22168.65395
1580005961,8326.01,8326.09,8420,8282.25,22168.65395
1580005961,8326.04,8327.29,8420,8282.25,22168.65395
1580005961,8326.09,8327.29,8420,8282.25,22168.65395
1580005961,8326.14,8327.29,8420,8282.25,22168.655538
1580005961,8326.23,8327.29,8420,8282.25,22168.655538
1580005961,8326.24,8327.28,8420,8282.25,22168.655538
1580005970,8325.99,8326.62,8420,8282.25,22167.794607
1580005970,8325.99,8326.55,8420,8282.25,22167.810594
1580005970,8326.01,8326.46,8420,8282.25,22167.810594
1580005971,8326.01,8326.42,8420,8282.25,22167.810594
1580005971,8326.01,8326.39,8420,8282.25,22167.810594
1580005971,8326.01,8326.34,8420,8282.25,22167.810594
1580005971,8326.01,8326.3,8420,8282.25,22167.810594
1580005971,8326.01,8326.23,8420,8282.25,22167.600271
1580005972,8326.01,8326.22,8420,8282.25,22167.600271
1580005972,8325.99,8326.15,8420,8282.25,22167.635527
1580005972,8325.99,8326.1,8420,8282.25,22167.635527
1580005972,8325.99,8326.07,8420,8282.25,22167.635527
1580005972,8325.99,8326.07,8420,8282.25,22167.635527
1580005972,8325.99,8326.07,8420,8282.25,22167.635527
1580005972,8325.99,8326.09,8420,8282.25,22168.035527
1580005973,8325.99,8326.1,8420,8282.25,22168.035527
1580005973,8325.99,8326.1,8420,8282.25,22168.035527
1580005973,8325.99,8326.1,8420,8282.25,22168.035527
1580005973,8326.09,8326.1,8420,8282.25,22168.035527
1580005973,8326.09,8326.1,8420,8282.25,22168.035527
1580005973,8326.09,8326.1,8420,8282.25,22168.035527
1580005973,8326.09,8326.1,8420,8282.25,22168.035527
1580005973,8326.09,8326.1,8420,8282.25,22168.035527
1580005973,8326.09,8326.1,8420,8282.25,22168.035527
1580005973,8326.09,8326.1,8420,8282.25,22168.035527
1580005973,8326.09,8326.1,8420,8282.25,22168.035527
1580005973,8326.09,8326.1,8420,8282.25,22168.035527
1580005973,8326.09,8326.1,8420,8282.25,22168.035527
1580005974,8326.09,8326.1,8420,8282.25,22167.973747
1580005974,8326.09,8326.1,8420,8282.25,22167.973747
1580005974,8326.09,8326.1,8420,8282.25,22167.973747
1580005975,8326.09,8326.13,8420,8282.25,22168.204171
1580005975,8326.09,8326.1,8420,8282.25,22168.204171
1580005975,8326.09,8326.1,8420,8282.25,22168.204171
1580005975,8326.09,8326.1,8420,8282.25,22168.204171
1580005975,8326.09,8326.1,8420,8282.25,22168.204171
1580005975,8326.09,8326.1,8420,8282.25,22168.204171
1580005975,8326.09,8326.1,8420,8282.25,22168.204171
1580005975,8326.09,8326.1,8420,8282.25,22168.204171
1580005975,8326.09,8326.1,8420,8282.25,22168.204171
1580005976,8326.09,8326.1,8420,8282.25,22168.205573
1580005976,8326.09,8326.1,8420,8282.25,22168.205573
1580005976,8326.09,8326.1,8420,8282.25,22168.205573
1580005976,8326.09,8326.1,8420,8282.25,22167.920788
1580005976,8326.09,8326.1,8420,8282.25,22167.937815
1580005976,8326.09,8326.1,8420,8282.25,22167.937815
1580005976,8326.09,8326.1,8420,8282.25,22167.937815
1580005976,8326.09,8326.1,8420,8282.25,22167.937815
1580005977,8326.09,8326.1,8420,8282.25,22167.927643
